I0,I1,I2
11246.000,11246.000,53.600
10438.000,11044.000,53.200
10016.000,10787.000,52.700
9781.000,10594.000,52.400
9621.000,10391.000,52.000
9495.000,10198.000,51.600
9413.000,10023.000,51.300
9345.000,9870.000,51.000
9280.000,9739.000,50.800
9231.000,9624.000,50.600
9172.000,9526.000,50.400
9140.000,9437.000,50.200
9121.000,9363.000,50.100
9124.000,9303.000,50.000
9124.000,9258.000,49.900
9099.000,9225.000,49.800
9091.000,9193.000,49.800
9076.000,9168.000,49.700
9059.000,9145.000,49.700
9041.000,9123.000,49.600
9036.000,9103.000,49.600
9042.000,9087.000,49.600
9035.000,9075.000,49.500
9026.000,9065.000,49.500
9022.000,9055.000,49.500
9011.000,9047.000,49.500
8992.000,9038.000,49.500
8995.000,9027.000,49.500
8998.000,9019.000,49.400
8986.000,9013.000,49.400
8969.000,9006.000,49.400
8953.000,8997.000,49.400
8933.000,8986.000,49.400
8925.000,8973.000,49.400
8915.000,8961.000,49.300
8904.000,8949.000,49.300
8881.000,8938.000,49.300
8882.000,8924.000,49.300
8892.000,8914.000,49.200
8880.000,8906.000,49.200
8890.000,8902.000,49.200
8916.000,8899.000,49.200
8913.000,8902.000,49.200
8902.000,8905.000,49.200
8885.000,8904.000,49.200
8882.000,8899.000,49.200
8875.000,8895.000,49.200
8873.000,8890.000,49.200
8864.000,8886.000,49.200
8857.000,8880.000,49.200
8850.000,8875.000,49.200
8847.000,8868.000,49.200
8844.000,8863.000,49.200
8840.000,8858.000,49.100
8844.000,8855.000,49.100
8840.000,8851.000,49.100
8848.000,8849.000,49.100
8840.000,8847.000,49.100
8847.000,8847.000,49.100
8861.000,8847.000,49.100
8846.000,8847.000,49.100
8851.000,8848.000,49.100
8874.000,8849.000,49.100
8864.000,8853.000,49.100
8848.000,8855.000,49.100
8840.000,8854.000,49.100
8837.000,8850.000,49.100
8825.000,8847.000,49.100
8811.000,8841.000,49.100
8806.000,8834.000,49.100
8807.000,8827.000,49.100
8796.000,8822.000,49.100
8784.000,8815.000,49.100
8792.000,8810.000,49.100
8779.000,8803.000,49.000
8768.000,8797.000,49.000
8772.000,8791.000,49.000
8763.000,8785.000,49.000
8747.000,8780.000,49.000
8752.000,8773.000,49.000
8753.000,8768.000,49.000
8748.000,8764.000,49.000
8747.000,8760.000,49.000
8754.000,8757.000,49.000
8743.000,8754.000,49.000
8730.000,8752.000,48.900
8722.000,8746.000,48.900
8699.000,8740.000,48.900
8689.000,8730.000,48.900
8702.000,8722.000,48.900
8716.000,8717.000,48.900
8716.000,8717.000,48.900
8700.000,8717.000,48.900
8699.000,8712.000,48.900
8726.000,8709.000,48.900
8742.000,8714.000,48.900
8746.000,8721.000,48.900
8743.000,8726.000,48.900
8742.000,8730.000,48.900
8762.000,8734.000,48.900
8764.000,8741.000,48.900
8775.000,8747.000,48.900
8775.000,8754.000,49.000
8778.000,8759.000,49.000
8791.000,8764.000,49.000
8783.000,8769.000,49.000
8795.000,8774.000,49.000
8803.000,8779.000,49.000
8816.000,8785.000,49.000
8836.000,8793.000,49.000
8852.000,8804.000,49.000
8868.000,8816.000,49.100
8888.000,8829.000,49.100
8904.000,8844.000,49.100
8911.000,8859.000,49.100
8942.000,8872.000,49.200
8943.000,8889.000,49.200
8945.000,8903.000,49.200
8961.000,8913.000,49.200
8973.000,8925.000,49.300
8982.000,8937.000,49.300
8978.000,8947.000,49.300
8977.000,8955.000,49.300
8998.000,8961.000,49.300
9014.000,8970.000,49.400
9020.000,8981.000,49.400
9015.000,8990.000,49.400
9030.000,8997.000,49.400
9047.000,9005.000,49.400
9048.000,9016.000,49.400
9037.000,9024.000,49.500
9034.000,9027.000,49.500
9024.000,9029.000,49.500
9034.000,9030.000,49.500
9042.000,9031.000,49.500
9034.000,9032.000,49.500
9047.000,9034.000,49.500
9059.000,9037.000,49.500
9063.000,9043.000,49.500
9073.000,9048.000,49.500
9063.000,9052.000,49.500
9063.000,9055.000,49.500
9093.000,9057.000,49.500
9108.000,9066.000,49.500
9122.000,9076.000,49.500
9119.000,9087.000,49.600
9115.000,9095.000,49.600
9125.000,9101.000,49.600
9129.000,9107.000,49.600
9146.000,9112.000,49.600
9154.000,9121.000,49.600
9158.000,9129.000,49.600
9166.000,9136.000,49.700
9158.000,9142.000,49.700
9155.000,9146.000,49.700
9154.000,9148.000,49.700
9156.000,9150.000,49.700
9171.000,9151.000,49.700
9184.000,9156.000,49.700
9194.000,9163.000,49.700
9208.000,9171.000,49.700
9225.000,9180.000,49.700
9238.000,9191.000,49.800
9249.000,9203.000,49.800
9254.000,9215.000,49.800
9244.000,9223.000,49.800
9245.000,9229.000,49.800
9250.000,9233.000,49.800
9258.000,9237.000,49.800
9257.000,9242.000,49.900
9257.000,9246.000,49.900
9273.000,9249.000,49.900
9274.000,9255.000,49.900
9257.000,9259.000,49.900
9218.000,9259.000,49.900
9202.000,9249.000,49.900
9193.000,9237.000,49.800
9181.000,9226.000,49.800
9173.000,9215.000,49.800
9190.000,9206.000,49.800
9220.000,9202.000,49.800
9227.000,9207.000,49.800
9223.000,9211.000,49.800
9232.000,9215.000,49.800
9236.000,9219.000,49.800
9253.000,9223.000,49.800
9259.000,9231.000,49.800
9253.000,9236.000,49.800
9248.000,9240.000,49.900
9266.000,9244.000,49.900
9289.000,9249.000,49.900
9297.000,9259.000,49.900
9293.000,9268.000,49.900
9289.000,9274.000,49.900
9296.000,9279.000,49.900
9294.000,9283.000,49.900
9302.000,9286.000,49.900
9304.000,9290.000,49.900
9296.000,9293.000,50.000
9306.000,9296.000,50.000
9304.000,9298.000,50.000
9290.000,9299.000,50.000
9290.000,9297.000,50.000
9296.000,9295.000,50.000
9293.000,9295.000,50.000
9283.000,9294.000,50.000
9290.000,9293.000,50.000
9288.000,9292.000,49.900
9279.000,9291.000,49.900
9272.000,9288.000,49.900
9270.000,9284.000,49.900
9279.000,9281.000,49.900
9288.000,9280.000,49.900
9290.000,9282.000,49.900
9310.000,9284.000,49.900
9315.000,9291.000,49.900
9308.000,9296.000,50.000
9320.000,9300.000,50.000
9314.000,9304.000,50.000
9318.000,9307.000,50.000
9340.000,9310.000,50.000
9347.000,9318.000,50.000
9363.000,9325.000,50.000
9383.000,9334.000,50.000
9391.000,9347.000,50.100
9412.000,9358.000,50.100
9428.000,9371.000,50.100
9425.000,9385.000,50.100
9435.000,9396.000,50.100
9462.000,9405.000,50.200
9470.000,9420.000,50.200
9478.000,9432.000,50.200
9488.000,9444.000,50.200
9497.000,9455.000,50.300
9501.000,9465.000,50.300
9498.000,9473.000,50.300
9511.000,9480.000,50.300
9527.000,9488.000,50.300
9541.000,9498.000,50.300
9547.000,9509.000,50.400
9554.000,9518.000,50.400
9541.000,9525.000,50.400
9534.000,9529.000,50.400
9547.000,9532.000,50.400
9562.000,9536.000,50.400
9573.000,9542.000,50.400
9578.000,9550.000,50.400
9587.000,9557.000,50.400
9605.000,9565.000,50.500
9615.000,9575.000,50.500
9640.000,9585.000,50.500
9659.000,9599.000,50.500
9679.000,9614.000,50.600
9700.000,9630.000,50.600
9700.000,9647.000,50.600
9682.000,9661.000,50.600
9693.000,9669.000,50.700
9686.000,9673.000,50.700
9674.000,9676.000,50.700
9669.000,9676.000,50.700
9678.000,9675.000,50.700
9682.000,9676.000,50.700
9683.000,9677.000,50.700
9687.000,9679.000,50.700
9686.000,9681.000,50.700
9691.000,9682.000,50.700
9718.000,9684.000,50.700
9707.000,9690.000,50.700
9691.000,9694.000,50.700
9715.000,9697.000,50.700
9751.000,9702.000,50.700
9756.000,9714.000,50.700
9769.000,9725.000,50.800
9791.000,9736.000,50.800
9777.000,9746.000,50.800
9782.000,9755.000,50.800
9795.000,9762.000,50.800
9813.000,9770.000,50.800
9831.000,9781.000,50.900
9850.000,9793.000,50.900
9854.000,9808.000,50.900
9867.000,9819.000,50.900
9882.000,9831.000,51.000
9888.000,9844.000,51.000
9887.000,9855.000,51.000
9887.000,9863.000,51.000
9894.000,9869.000,51.000
9894.000,9875.000,51.000
9903.000,9880.000,51.100
9908.000,9886.000,51.100
9916.000,9891.000,51.100
9928.000,9897.000,51.100
9932.000,9905.000,51.100
9943.000,9912.000,51.100
9950.000,9920.000,51.100
9969.000,9927.000,51.100
9971.000,9938.000,51.200
9967.000,9945.000,51.200
9991.000,9952.000,51.200
10008.000,9962.000,51.200
10009.000,9973.000,51.200
9984.000,9982.000,51.200
9971.000,9982.000,51.200
9973.000,9980.000,51.200
9959.000,9978.000,51.200
9948.000,9973.000,51.200
9959.000,9970.000,51.200
9951.000,9965.000,51.200
9953.000,9962.000,51.200
9957.000,9960.000,51.200
9963.000,9959.000,51.200
9955.000,9959.000,51.200
9951.000,9958.000,51.200
9963.000,9957.000,51.200
9967.000,9958.000,51.200
9975.000,9961.000,51.200
9962.000,9962.000,51.200
9957.000,9962.000,51.200
9980.000,9962.000,51.200
9997.000,9967.000,51.200
10004.000,9974.000,51.200
9992.000,9980.000,51.200
10000.000,9985.000,51.200
10004.000,9989.000,51.300
9994.000,9992.000,51.300
9994.000,9992.000,51.300
10002.000,9993.000,51.300
10012.000,9995.000,51.300
10020.000,9999.000,51.300
10025.000,10004.000,51.300
10036.000,10010.000,51.300
10028.000,10014.000,51.300
10035.000,10019.000,51.300
10046.000,10023.000,51.300
10049.000,10029.000,51.300
10035.000,10033.000,51.300
10040.000,10035.000,51.300
10053.000,10036.000,51.300
10070.000,10040.000,51.300
10090.000,10048.000,51.400
10085.000,10057.000,51.400
10093.000,10065.000,51.400
10097.000,10072.000,51.400
10109.000,10078.000,51.400
10111.000,10086.000,51.400
10118.000,10092.000,51.400
10129.000,10099.000,51.500
10144.000,10106.000,51.500
10150.000,10116.000,51.500
10150.000,10124.000,51.500
10149.000,10131.000,51.500
10154.000,10136.000,51.500
10149.000,10139.000,51.500
10169.000,10143.000,51.500
10179.000,10149.000,51.600
10188.000,10157.000,51.600
10195.000,10165.000,51.600
10198.000,10172.000,51.600
10200.000,10179.000,51.600
10206.000,10184.000,51.600
10208.000,10189.000,51.600
10226.000,10194.000,51.600
10219.000,10200.000,51.600
10220.000,10205.000,51.700
10227.000,10209.000,51.700
10237.000,10213.000,51.700
10241.000,10219.000,51.700
10253.000,10225.000,51.700
10259.000,10232.000,51.700
10247.000,10237.000,51.700
10255.000,10242.000,51.700
10262.000,10245.000,51.700
10284.000,10249.000,51.700
10306.000,10258.000,51.800
10309.000,10270.000,51.800
10293.000,10279.000,51.800
10316.000,10286.000,51.800
10335.000,10294.000,51.800
10354.000,10304.000,51.800
10357.000,10317.000,51.900
10341.000,10326.000,51.900
10317.000,10330.000,51.900
10302.000,10327.000,51.900
10288.000,10320.000,51.900
10272.000,10312.000,51.900
10255.000,10302.000,51.800
10254.000,10290.000,51.800
10239.000,10281.000,51.800
10221.000,10271.000,51.800
10219.000,10258.000,51.800
10227.000,10249.000,51.700
10214.000,10241.000,51.700
10219.000,10236.000,51.700
10231.000,10232.000,51.700
10229.000,10231.000,51.700
10228.000,10230.000,51.700
10248.000,10230.000,51.700
10271.000,10235.000,51.700
10253.000,10239.000,51.700
10235.000,10243.000,51.700
10239.000,10242.000,51.700
10244.000,10241.000,51.700
10254.000,10242.000,51.700
10263.000,10245.000,51.700
10265.000,10249.000,51.700
10263.000,10253.000,51.700
10262.000,10255.000,51.800
10279.000,10257.000,51.800
10280.000,10263.000,51.800
10279.000,10267.000,51.800
10281.000,10270.000,51.800
10292.000,10273.000,51.800
10305.000,10278.000,51.800
10310.000,10284.000,51.800
10312.000,10291.000,51.800
10302.000,10296.000,51.800
10314.000,10300.000,51.800
10328.000,10303.000,51.800
10337.000,10309.000,51.900
10337.000,10316.000,51.900
10357.000,10322.000,51.900
10373.000,10330.000,51.900
10387.000,10341.000,51.900
10408.000,10353.000,51.900
10403.000,10365.000,52.000
10417.000,10376.000,52.000
10423.000,10386.000,52.000
10438.000,10395.000,52.000
10450.000,10406.000,52.000
10447.000,10416.000,52.100
10446.000,10424.000,52.100
10449.000,10430.000,52.100
10470.000,10435.000,52.100
10470.000,10443.000,52.100
10474.000,10450.000,52.100
10505.000,10456.000,52.100
10503.000,10468.000,52.200
10487.000,10477.000,52.200
10476.000,10479.000,52.200
10486.000,10481.000,52.200
10494.000,10482.000,52.200
10489.000,10484.000,52.200
10495.000,10486.000,52.200
10514.000,10489.000,52.200
10523.000,10495.000,52.200
10515.000,10500.000,52.200
10524.000,10506.000,52.200
10527.000,10510.000,52.200
10535.000,10514.000,52.200
10543.000,10520.000,52.200
10553.000,10525.000,52.300
10581.000,10532.000,52.300
10597.000,10544.000,52.300
10603.000,10558.000,52.300
10632.000,10569.000,52.300
10638.000,10585.000,52.400
10633.000,10597.000,52.400
10653.000,10607.000,52.400
10654.000,10619.000,52.400
10635.000,10627.000,52.400
10632.000,10629.000,52.500
10637.000,10631.000,52.500
10633.000,10631.000,52.500
10618.000,10632.000,52.500
10643.000,10632.000,52.500
10674.000,10635.000,52.500
10679.000,10645.000,52.500
10709.000,10653.000,52.500
10717.000,10667.000,52.500
10701.000,10678.000,52.500
10705.000,10684.000,52.600
10699.000,10689.000,52.600
10695.000,10691.000,52.600
10696.000,10692.000,52.600
10707.000,10693.000,52.600
10722.000,10697.000,52.600
10730.000,10703.000,52.600
10744.000,10710.000,52.600
10765.000,10718.000,52.600
10783.000,10730.000,52.600
10785.000,10743.000,52.700
10783.000,10753.000,52.700
10781.000,10761.000,52.700
10799.000,10766.000,52.700
10807.000,10774.000,52.700
10815.000,10783.000,52.700
10813.000,10790.000,52.800
10807.000,10796.000,52.800
10811.000,10800.000,52.800
10817.000,10802.000,52.800
10819.000,10806.000,52.800
10829.000,10809.000,52.800
10842.000,10814.000,52.800
10832.000,10819.000,52.800
10844.000,10825.000,52.800
10856.000,10829.000,52.800
10859.000,10836.000,52.800
10851.000,10841.000,52.800
10860.000,10846.000,52.900
10887.000,10849.000,52.900
10910.000,10859.000,52.900
10911.000,10871.000,52.900
10918.000,10881.000,52.900
10925.000,10891.000,52.900
10954.000,10899.000,53.000
10977.000,10913.000,53.000
10966.000,10926.000,53.000
10970.000,10937.000,53.000
10980.000,10945.000,53.000
10998.000,10954.000,53.100
10996.000,10964.000,53.100
11014.000,10973.000,53.100
11042.000,10983.000,53.100
11038.000,10997.000,53.100
11045.000,11008.000,53.200
11050.000,11017.000,53.200
11045.000,11024.000,53.200
11046.000,11030.000,53.200
11047.000,11034.000,53.200
11054.000,11037.000,53.200
11061.000,11041.000,53.200
11073.000,11046.000,53.200
11075.000,11053.000,53.200
11078.000,11058.000,53.300
11087.000,11063.000,53.300
11095.000,11069.000,53.300
11106.000,11076.000,53.300
11106.000,11083.000,53.300
11099.000,11089.000,53.300
11124.000,11093.000,53.300
11129.000,11101.000,53.300
11130.000,11108.000,53.300
11138.000,11113.000,53.400
11152.000,11120.000,53.400
11151.000,11127.000,53.400
11151.000,11133.000,53.400
11157.000,11138.000,53.400
11160.000,11143.000,53.400
11152.000,11146.000,53.400
11158.000,11149.000,53.400
11175.000,11151.000,53.400
11186.000,11157.000,53.400
11176.000,11162.000,53.500
11184.000,11167.000,53.500
11206.000,11172.000,53.500
11210.000,11180.000,53.500
11213.000,11188.000,53.500
11233.000,11194.000,53.500
11237.000,11204.000,53.500
11229.000,11211.000,53.500
11236.000,11217.000,53.600
11243.000,11222.000,53.600
11248.000,11227.000,53.600
11265.000,11232.000,53.600
11261.000,11240.000,53.600
11252.000,11245.000,53.600
11259.000,11248.000,53.600
11267.000,11251.000,53.600
11280.000,11255.000,53.600
11278.000,11261.000,53.600
11285.000,11266.000,53.600
11299.000,11270.000,53.700
11289.000,11275.000,53.700
11292.000,11279.000,53.700
11311.000,11282.000,53.700
11314.000,11290.000,53.700
11321.000,11296.000,53.700
11314.000,11300.000,53.700
11304.000,11304.000,53.700
11297.000,11304.000,53.700
11310.000,11304.000,53.700
11331.000,11305.000,53.700
11327.000,11311.000,53.700
11319.000,11315.000,53.700
11331.000,11318.000,53.700
11348.000,11321.000,53.700
11371.000,11328.000,53.800
11383.000,11339.000,53.800
11379.000,11349.000,53.800
11377.000,11356.000,53.800
11376.000,11361.000,53.800
11370.000,11365.000,53.800
11374.000,11367.000,53.800
11389.000,11369.000,53.800
11390.000,11374.000,53.800
11392.000,11378.000,53.900
11394.000,11381.000,53.900
11407.000,11385.000,53.900
11412.000,11390.000,53.900
11418.000,11396.000,53.900
11424.000,11401.000,53.900
11416.000,11405.000,53.900
11426.000,11410.000,53.900
11439.000,11414.000,53.900
11443.000,11420.000,53.900
11433.000,11425.000,53.900
11431.000,11427.000,53.900
11443.000,11428.000,53.900
11448.000,11432.000,54.000
11460.000,11436.000,54.000
11464.000,11442.000,54.000
11464.000,11448.000,54.000
11472.000,11452.000,54.000
11461.000,11455.000,54.000
11469.000,11458.000,54.000
11489.000,11461.000,54.000
11497.000,11468.000,54.000
11503.000,11475.000,54.000
11521.000,11482.000,54.000
11540.000,11492.000,54.100
11525.000,11500.000,54.100
11501.000,11506.000,54.100
11509.000,11507.000,54.100
11529.000,11508.000,54.100
11536.000,11513.000,54.100
11545.000,11519.000,54.100
11570.000,11525.000,54.100
11590.000,11536.000,54.200
11600.000,11550.000,54.200
11599.000,11562.000,54.200
11596.000,11571.000,54.200
11594.000,11578.000,54.200
11610.000,11582.000,54.200
11602.000,11587.000,54.200
11606.000,11592.000,54.300
11631.000,11595.000,54.300
11647.000,11604.000,54.300
11643.000,11614.000,54.300
11636.000,11621.000,54.300
11648.000,11627.000,54.300
11653.000,11632.000,54.300
11655.000,11637.000,54.300
11672.000,11642.000,54.300
11686.000,11649.000,54.400
11692.000,11658.000,54.400
11691.000,11667.000,54.400
11687.000,11673.000,54.400
11695.000,11677.000,54.400
11703.000,11682.000,54.400
11683.000,11685.000,54.400
11694.000,11687.000,54.400
11694.000,11689.000,54.400
11700.000,11690.000,54.400
11711.000,11693.000,54.400
11714.000,11697.000,54.500
11723.000,11701.000,54.500
11740.000,11707.000,54.500
11744.000,11715.000,54.500
11762.000,11722.000,54.500
11777.000,11732.000,54.500
11786.000,11743.000,54.500
11783.000,11753.000,54.600
11791.000,11761.000,54.600
11791.000,11769.000,54.600
11786.000,11774.000,54.600
11781.000,11777.000,54.600
11797.000,11779.000,54.600
11817.000,11784.000,54.600
11814.000,11791.000,54.600
11821.000,11798.000,54.600
11818.000,11803.000,54.700
11823.000,11807.000,54.700
11823.000,11811.000,54.700
11824.000,11814.000,54.700
11832.000,11817.000,54.700
11835.000,11820.000,54.700
11849.000,11824.000,54.700
11876.000,11830.000,54.700
11877.000,11842.000,54.700
11873.000,11850.000,54.700
11876.000,11857.000,54.800
11897.000,11862.000,54.800
11892.000,11869.000,54.800
11870.000,11875.000,54.800
11873.000,11874.000,54.800
11885.000,11874.000,54.800
11899.000,11877.000,54.800
11875.000,11879.000,54.800
11862.000,11878.000,54.800
11859.000,11874.000,54.800
11856.000,11870.000,54.800
11854.000,11867.000,54.800
11862.000,11864.000,54.800
11870.000,11863.000,54.800
11876.000,11865.000,54.800
11878.000,11868.000,54.800
11869.000,11870.000,54.800
11874.000,11871.000,54.800
11886.000,11872.000,54.800
11885.000,11875.000,54.800
11873.000,11878.000,54.800
11863.000,11876.000,54.800
11859.000,11873.000,54.800
11870.000,11871.000,54.800
11881.000,11870.000,54.800
11882.000,11873.000,54.800
11881.000,11875.000,54.800
11892.000,11877.000,54.800
11901.000,11881.000,54.800
11902.000,11886.000,54.800
11906.000,11890.000,54.800
11910.000,11894.000,54.800
11906.000,11897.000,54.800
11907.000,11899.000,54.800
11893.000,11901.000,54.800
11878.000,11899.000,54.800
11866.000,11894.000,54.800
11868.000,11887.000,54.800
11863.000,11882.000,54.800
11867.000,11878.000,54.800
11864.000,11875.000,54.800
11829.000,11872.000,54.800
11829.000,11861.000,54.800
11840.000,11853.000,54.700
11852.000,11850.000,54.700
11866.000,11850.000,54.700
11874.000,11854.000,54.700
11880.000,11859.000,54.800
11862.000,11863.000,54.800
11869.000,11864.000,54.800
11888.000,11866.000,54.800
11892.000,11871.000,54.800
11880.000,11875.000,54.800
11858.000,11877.000,54.800
11866.000,11874.000,54.800
11873.000,11872.000,54.800
11877.000,11872.000,54.800
11889.000,11873.000,54.800
11900.000,11877.000,54.800
11903.000,11883.000,54.800
11916.000,11888.000,54.800
11919.000,11895.000,54.800
11912.000,11900.000,54.800
11907.000,11903.000,54.800
11890.000,11904.000,54.800
11896.000,11902.000,54.800
11889.000,11899.000,54.800
11880.000,11897.000,54.800
11890.000,11895.000,54.800
11877.000,11891.000,54.800
11870.000,11888.000,54.800
11890.000,11885.000,54.800
11890.000,11886.000,54.800
11886.000,11887.000,54.800
11896.000,11888.000,54.800
11883.000,11887.000,54.800
11894.000,11889.000,54.800
11898.000,11890.000,54.800
11894.000,11891.000,54.800
11895.000,11892.000,54.800
11890.000,11893.000,54.800
11876.000,11892.000,54.800
11884.000,11890.000,54.800
11897.000,11888.000,54.800
11908.000,11891.000,54.800
11920.000,11895.000,54.800
11926.000,11901.000,54.800
11932.000,11907.000,54.800
11943.000,11914.000,54.900
11946.000,11921.000,54.900
11943.000,11926.000,54.900
11948.000,11931.000,54.900
11961.000,11935.000,54.900
11960.000,11942.000,54.900
11962.000,11946.000,54.900
11971.000,11950.000,54.900
11969.000,11955.000,54.900
11973.000,11959.000,54.900
11987.000,11963.000,54.900
11983.000,11968.000,55.000
11984.000,11972.000,55.000
11992.000,11975.000,55.000
12007.000,11979.000,55.000
12017.000,11986.000,55.000
12034.000,11994.000,55.000
12048.000,12004.000,55.000
12036.000,12012.000,55.000
12035.000,12018.000,55.100
12068.000,12022.000,55.100
12092.000,12034.000,55.100
12096.000,12048.000,55.100
12099.000,12060.000,55.100
12105.000,12070.000,55.200
12117.000,12079.000,55.200
12124.000,12088.000,55.200
12122.000,12097.000,55.200
12147.000,12104.000,55.200
12160.000,12114.000,55.200
12171.000,12126.000,55.300
12194.000,12137.000,55.300
12199.000,12151.000,55.300
12201.000,12163.000,55.300
12216.000,12173.000,55.300
12211.000,12182.000,55.400
12220.000,12191.000,55.400
12235.000,12198.000,55.400
12229.000,12206.000,55.400
12223.000,12212.000,55.400
12238.000,12216.000,55.400
12234.000,12220.000,55.400
12223.000,12224.000,55.400
12239.000,12226.000,55.400
12250.000,12230.000,55.400
12251.000,12235.000,55.500
12248.000,12238.000,55.500
12245.000,12241.000,55.500
12263.000,12243.000,55.500
12266.000,12248.000,55.500
12279.000,12252.000,55.500
12300.000,12259.000,55.500
12299.000,12269.000,55.500
12284.000,12276.000,55.500
12301.000,12282.000,55.500
12323.000,12287.000,55.600
12336.000,12296.000,55.600
12342.000,12306.000,55.600
12349.000,12315.000,55.600
12355.000,12323.000,55.600
12375.000,12331.000,55.600
12393.000,12342.000,55.700
12418.000,12355.000,55.700
12425.000,12371.000,55.700
12430.000,12384.000,55.700
12448.000,12396.000,55.800
12450.000,12409.000,55.800
12466.000,12419.000,55.800
12471.000,12431.000,55.800
12483.000,12441.000,55.800
12482.000,12451.000,55.900
12477.000,12459.000,55.900
12483.000,12465.000,55.900
12503.000,12469.000,55.900
12507.000,12478.000,55.900
12511.000,12485.000,55.900
12516.000,12492.000,55.900
12511.000,12496.000,55.900
12515.000,12501.000,56.000
12528.000,12505.000,56.000
12535.000,12510.000,56.000
12523.000,12515.000,56.000
12531.000,12519.000,56.000
12553.000,12522.000,56.000
12565.000,12530.000,56.000
12579.000,12538.000,56.000
12581.000,12549.000,56.000
12573.000,12556.000,56.100
12587.000,12562.000,56.100
12589.000,12569.000,56.100
12576.000,12573.000,56.100
12576.000,12574.000,56.100
12580.000,12574.000,56.100
12597.000,12576.000,56.100
12607.000,12581.000,56.100
12626.000,12588.000,56.100
12642.000,12597.000,56.100
12654.000,12608.000,56.200
12649.000,12619.000,56.200
12657.000,12627.000,56.200
12659.000,12635.000,56.200
12638.000,12640.000,56.200
12653.000,12644.000,56.200
12676.000,12646.000,56.200
12671.000,12652.000,56.200
12678.000,12658.000,56.300
12697.000,12663.000,56.300
12722.000,12672.000,56.300
12717.000,12683.000,56.300
12716.000,12691.000,56.300
12722.000,12698.000,56.300
12714.000,12702.000,56.300
12729.000,12707.000,56.300
12732.000,12713.000,56.400
12720.000,12717.000,56.400
12720.000,12718.000,56.400
12729.000,12718.000,56.400
12721.000,12719.000,56.400
12722.000,12720.000,56.400
12736.000,12720.000,56.400
12741.000,12724.000,56.400
12749.000,12728.000,56.400
12762.000,12734.000,56.400
12765.000,12741.000,56.400
12763.000,12746.000,56.400
12769.000,12751.000,56.400
12750.000,12754.000,56.400
12739.000,12753.000,56.400
12743.000,12750.000,56.400
12765.000,12749.000,56.400
12779.000,12753.000,56.400
12775.000,12758.000,56.400
12777.000,12763.000,56.400
12777.000,12766.000,56.500
12767.000,12769.000,56.500
12775.000,12771.000,56.500
12795.000,12772.000,56.500
12801.000,12778.000,56.500
12811.000,12783.000,56.500
12807.000,12789.000,56.500
12801.000,12794.000,56.500
12815.000,12797.000,56.500
12820.000,12802.000,56.500
12812.000,12805.000,56.500
12824.000,12809.000,56.500
12827.000,12813.000,56.500
12817.000,12815.000,56.500
12820.000,12817.000,56.500
12820.000,12817.000,56.500
12819.000,12818.000,56.600
12834.000,12819.000,56.600
12835.000,12822.000,56.600
12839.000,12826.000,56.600
12841.000,12829.000,56.600
12827.000,12831.000,56.600
12826.000,12830.000,56.600
12833.000,12829.000,56.600
12844.000,12830.000,56.600
12854.000,12834.000,56.600
12852.000,12838.000,56.600
12861.000,12842.000,56.600
12872.000,12847.000,56.600
12872.000,12853.000,56.600
12879.000,12858.000,56.600
12892.000,12863.000,56.600
12884.000,12868.000,56.600
12896.000,12874.000,56.700
12909.000,12880.000,56.700
12907.000,12887.000,56.700
12917.000,12892.000,56.700
12925.000,12898.000,56.700
12929.000,12905.000,56.700
12932.000,12911.000,56.700
12937.000,12916.000,56.700
12952.000,12921.000,56.700
12970.000,12929.000,56.800
12978.000,12939.000,56.800
12984.000,12949.000,56.800
12994.000,12958.000,56.800
12996.000,12967.000,56.800
12994.000,12974.000,56.800
13003.000,12979.000,56.900
12986.000,12983.000,56.900
12983.000,12984.000,56.900
12986.000,12984.000,56.900
12979.000,12984.000,56.900
12982.000,12983.000,56.900
12990.000,12983.000,56.900
12993.000,12985.000,56.900
13011.000,12987.000,56.900
13028.000,12993.000,56.900
13030.000,13002.000,56.900
13026.000,13008.000,56.900
13038.000,13014.000,56.900
13043.000,13020.000,56.900
13047.000,13026.000,56.900
13039.000,13030.000,56.900
13050.000,13034.000,57.000
13058.000,13038.000,57.000
13068.000,13043.000,57.000
13074.000,13049.000,57.000
13079.000,13055.000,57.000
13079.000,13061.000,57.000
13096.000,13066.000,57.000
13110.000,13073.000,57.000
13121.000,13082.000,57.000
13139.000,13092.000,57.100
13149.000,13104.000,57.100
13151.000,13115.000,57.100
13161.000,13124.000,57.100
13176.000,13133.000,57.100
13176.000,13144.000,57.200
13175.000,13152.000,57.200
13189.000,13158.000,57.200
13205.000,13166.000,57.200
13193.000,13173.000,57.200
13197.000,13179.000,57.200
13201.000,13183.000,57.200
13205.000,13188.000,57.200
13205.000,13192.000,57.300
13225.000,13195.000,57.300
13236.000,13203.000,57.300
13234.000,13211.000,57.300
13231.000,13216.000,57.300
13231.000,13220.000,57.300
13233.000,13223.000,57.300
13239.000,13225.000,57.300
13253.000,13229.000,57.300
13262.000,13235.000,57.300
13281.000,13242.000,57.300
13277.000,13250.000,57.400
13276.000,13257.000,57.400
13278.000,13262.000,57.400
13282.000,13266.000,57.400
13279.000,13269.000,57.400
13292.000,13272.000,57.400
13288.000,13276.000,57.400
13286.000,13279.000,57.400
13306.000,13281.000,57.400
13296.000,13285.000,57.400
13299.000,13289.000,57.400
13313.000,13291.000,57.400
13303.000,13294.000,57.400
13314.000,13299.000,57.500
13313.000,13302.000,57.500
13320.000,13305.000,57.500
13324.000,13309.000,57.500
13309.000,13312.000,57.500
13299.000,13311.000,57.500
13287.000,13308.000,57.500
13288.000,13303.000,57.500
13286.000,13299.000,57.500
13288.000,13296.000,57.400
13298.000,13294.000,57.400
13292.000,13294.000,57.400
13281.000,13293.000,57.400
13270.000,13290.000,57.400
13272.000,13286.000,57.400
13254.000,13282.000,57.400
13229.000,13275.000,57.400
13217.000,13263.000,57.400
13187.000,13252.000,57.400
13170.000,13236.000,57.300
13170.000,13219.000,57.300
13184.000,13207.000,57.300
13184.000,13201.000,57.300
13184.000,13197.000,57.300
13194.000,13194.000,57.300
13209.000,13194.000,57.300
13213.000,13198.000,57.300
13222.000,13201.000,57.300
13243.000,13207.000,57.300
13245.000,13216.000,57.300
13246.000,13223.000,57.300
13253.000,13229.000,57.300
13269.000,13235.000,57.300
13285.000,13243.000,57.300
13290.000,13254.000,57.400
13295.000,13263.000,57.400
13312.000,13271.000,57.400
13313.000,13281.000,57.400
13318.000,13289.000,57.400
13312.000,13295.000,57.400
13326.000,13301.000,57.500
13333.000,13307.000,57.500
13332.000,13313.000,57.500
13330.000,13318.000,57.500
13349.000,13321.000,57.500
13360.000,13328.000,57.500
13367.000,13336.000,57.500
13363.000,13343.000,57.500
13362.000,13348.000,57.500
13371.000,13352.000,57.600
13369.000,13356.000,57.600
13378.000,13360.000,57.600
13382.000,13364.000,57.600
13395.000,13369.000,57.600
13395.000,13375.000,57.600
13420.000,13380.000,57.600
13412.000,13388.000,57.600
13408.000,13394.000,57.600
13428.000,13399.000,57.600
13437.000,13406.000,57.700
13434.000,13413.000,57.700
13434.000,13418.000,57.700
13437.000,13422.000,57.700
13461.000,13426.000,57.700
13481.000,13435.000,57.700
13487.000,13446.000,57.700
13506.000,13456.000,57.700
13493.000,13466.000,57.800
13499.000,13474.000,57.800
13508.000,13480.000,57.800
13525.000,13487.000,57.800
13548.000,13497.000,57.800
13538.000,13507.000,57.800
13555.000,13517.000,57.900
13550.000,13525.000,57.900
13535.000,13532.000,57.900
13544.000,13535.000,57.900
13543.000,13537.000,57.900
13551.000,13539.000,57.900
13548.000,13541.000,57.900
13563.000,13543.000,57.900
13573.000,13548.000,57.900
13576.000,13554.000,57.900
13586.000,13560.000,57.900
13582.000,13565.000,57.900
13583.000,13570.000,58.000
13575.000,13573.000,58.000
13586.000,13575.000,58.000
13586.000,13578.000,58.000
13579.000,13580.000,58.000
13600.000,13582.000,58.000
13598.000,13586.000,58.000
13597.000,13589.000,58.000
13622.000,13591.000,58.000
13639.000,13599.000,58.000
13608.000,13605.000,58.000
13615.000,13607.000,58.000
13623.000,13609.000,58.000
13631.000,13613.000,58.000
13655.000,13617.000,58.000
13662.000,13627.000,58.100
13665.000,13635.000,58.100
13677.000,13643.000,58.100
13679.000,13651.000,58.100
13691.000,13658.000,58.100
13702.000,13666.000,58.100
13699.000,13675.000,58.200
13702.000,13681.000,58.200
13700.000,13686.000,58.200
13710.000,13690.000,58.200
13716.000,13695.000,58.200
13717.000,13700.000,58.200
13712.000,13704.000,58.200
13719.000,13707.000,58.200
13725.000,13710.000,58.200
13720.000,13713.000,58.200
13736.000,13716.000,58.200
13749.000,13721.000,58.200
13751.000,13728.000,58.300
13748.000,13733.000,58.300
13757.000,13738.000,58.300
13766.000,13742.000,58.300
13790.000,13748.000,58.300
13794.000,13759.000,58.300
13766.000,13767.000,58.300
13765.000,13766.000,58.300
13776.000,13766.000,58.300
13785.000,13769.000,58.300
13785.000,13773.000,58.300
13782.000,13776.000,58.300
13793.000,13778.000,58.300
13788.000,13781.000,58.400
13808.000,13784.000,58.400
13831.000,13790.000,58.400
13820.000,13797.000,58.400
13812.000,13803.000,58.400
13824.000,13807.000,58.400
13819.000,13810.000,58.400
13832.000,13814.000,58.400
13823.000,13816.000,58.400
13803.000,13818.000,58.400
13809.000,13816.000,58.400
13822.000,13814.000,58.400
13821.000,13816.000,58.400
13817.000,13817.000,58.400
13836.000,13818.000,58.400
13847.000,13823.000,58.400
13838.000,13826.000,58.400
13838.000,13829.000,58.400
13870.000,13831.000,58.400
13877.000,13841.000,58.500
13883.000,13850.000,58.500
13885.000,13858.000,58.500
13880.000,13864.000,58.500
13881.000,13869.000,58.500
13872.000,13871.000,58.500
13877.000,13873.000,58.500
13887.000,13874.000,58.500
13878.000,13875.000,58.500
13879.000,13876.000,58.500
13904.000,13877.000,58.500
13917.000,13884.000,58.500
13933.000,13892.000,58.600
13943.000,13902.000,58.600
13939.000,13911.000,58.600
13948.000,13919.000,58.600
13967.000,13926.000,58.600
13976.000,13937.000,58.600
13974.000,13946.000,58.700
13984.000,13953.000,58.700
13984.000,13961.000,58.700
13984.000,13967.000,58.700
13990.000,13971.000,58.700
13994.000,13976.000,58.700
14004.000,13980.000,58.700
14012.000,13986.000,58.700
14032.000,13993.000,58.800
14057.000,14003.000,58.800
14057.000,14016.000,58.800
14050.000,14026.000,58.800
14056.000,14034.000,58.800
14078.000,14039.000,58.800
14085.000,14049.000,58.900
14089.000,14058.000,58.900
14101.000,14066.000,58.900
14099.000,14074.000,58.900
14113.000,14081.000,58.900
14129.000,14089.000,58.900
14099.000,14095.000,58.900
14096.000,14096.000,58.900
14110.000,14097.000,58.900
14127.000,14100.000,59.000
14127.000,14107.000,59.000
14142.000,14112.000,59.000
14159.000,14119.000,59.000
14146.000,14126.000,59.000
14164.000,14134.000,59.000
14187.000,14142.000,59.000
14174.000,14150.000,59.000
14170.000,14156.000,59.100
14176.000,14160.000,59.100
14167.000,14163.000,59.100
14177.000,14166.000,59.100
14219.000,14169.000,59.100
14221.000,14181.000,59.100
14227.000,14191.000,59.100
14227.000,14200.000,59.100
14222.000,14207.000,59.200
14232.000,14212.000,59.200
14236.000,14217.000,59.200
14245.000,14222.000,59.200
14250.000,14228.000,59.200
14251.000,14233.000,59.200
14262.000,14238.000,59.200
14276.000,14244.000,59.200
14269.000,14250.000,59.200
14276.000,14257.000,59.200
14281.000,14261.000,59.300
14283.000,14266.000,59.300
14288.000,14270.000,59.300
14280.000,14274.000,59.300
14274.000,14275.000,59.300
14289.000,14276.000,59.300
14304.000,14280.000,59.300
14303.000,14285.000,59.300
14304.000,14290.000,59.300
14323.000,14294.000,59.300
14325.000,14301.000,59.300
14330.000,14307.000,59.300
14348.000,14313.000,59.300
14359.000,14322.000,59.400
14356.000,14330.000,59.400
14349.000,14337.000,59.400
14358.000,14341.000,59.400
14361.000,14346.000,59.400
14349.000,14349.000,59.400
14351.000,14349.000,59.400
14345.000,14349.000,59.400
14343.000,14348.000,59.400
14337.000,14347.000,59.400
14321.000,14344.000,59.400
14318.000,14339.000,59.400
14312.000,14333.000,59.400
14292.000,14328.000,59.400
14301.000,14321.000,59.400
14327.000,14316.000,59.400
14324.000,14318.000,59.400
14321.000,14320.000,59.400
14309.000,14320.000,59.400
14308.000,14317.000,59.400
14316.000,14315.000,59.400
14300.000,14313.000,59.300
14280.000,14310.000,59.300
14268.000,14303.000,59.300
14251.000,14294.000,59.300
14256.000,14284.000,59.300
14278.000,14277.000,59.300
14303.000,14277.000,59.300
14320.000,14284.000,59.300
14337.000,14293.000,59.300
14337.000,14304.000,59.300
14354.000,14312.000,59.300
14365.000,14323.000,59.400
14372.000,14333.000,59.400
14366.000,14341.000,59.400
14395.000,14349.000,59.400
14405.000,14361.000,59.400
14408.000,14372.000,59.500
14423.000,14381.000,59.500
14428.000,14391.000,59.500
14424.000,14399.000,59.500
14413.000,14406.000,59.500
14433.000,14410.000,59.500
14445.000,14416.000,59.500
14435.000,14421.000,59.600
14426.000,14424.000,59.600
14409.000,14425.000,59.600
14424.000,14425.000,59.600
14447.000,14424.000,59.600
14436.000,14427.000,59.600
14439.000,14430.000,59.600
14443.000,14432.000,59.600
14454.000,14435.000,59.600
14468.000,14440.000,59.600
14491.000,14447.000,59.600
14503.000,14458.000,59.600
14498.000,14468.000,59.600
14500.000,14476.000,59.700
14497.000,14481.000,59.700
14498.000,14486.000,59.700
14493.000,14488.000,59.700
14501.000,14491.000,59.700
14516.000,14493.000,59.700
14516.000,14499.000,59.700
14508.000,14503.000,59.700
14517.000,14506.000,59.700
14535.000,14509.000,59.700
14518.000,14511.000,59.700
14520.000,14513.000,59.700
14539.000,14515.000,59.700
14544.000,14521.000,59.700
14548.000,14527.000,59.700
14551.000,14532.000,59.800
14549.000,14536.000,59.800
14550.000,14540.000,59.800
14553.000,14542.000,59.800
14558.000,14545.000,59.800
14564.000,14548.000,59.800
14577.000,14552.000,59.800
14614.000,14558.000,59.800
14641.000,14572.000,59.800
14624.000,14585.000,59.900
14591.000,14595.000,59.900
14593.000,14594.000,59.900
14586.000,14594.000,59.900
14578.000,14592.000,59.900
14575.000,14588.000,59.900
14589.000,14586.000,59.900
14595.000,14587.000,59.900
14602.000,14589.000,59.900
14597.000,14591.000,59.900
14599.000,14593.000,59.900
14588.000,14594.000,59.900
14588.000,14592.000,59.900
14608.000,14591.000,59.900
14615.000,14595.000,59.900
14616.000,14600.000,59.900
14621.000,14604.000,59.900
14640.000,14608.000,59.900
14646.000,14616.000,59.900
14645.000,14623.000,59.900
14662.000,14629.000,59.900
14677.000,14637.000,60.000
14676.000,14647.000,60.000
14671.000,14654.000,60.000
14688.000,14660.000,60.000
14677.000,14664.000,60.000
14669.000,14667.000,60.000
14681.000,14670.000,60.000
14670.000,14670.000,60.000
14689.000,14673.000,60.000
14703.000,14677.000,60.000
14702.000,14683.000,60.000
14710.000,14688.000,60.100
14710.000,14694.000,60.100
14704.000,14698.000,60.100
14707.000,14700.000,60.100
14708.000,14702.000,60.100
14718.000,14703.000,60.100
14718.000,14707.000,60.100
14706.000,14710.000,60.100
14710.000,14710.000,60.100
14730.000,14710.000,60.100
14731.000,14715.000,60.100
14731.000,14719.000,60.100
14738.000,14722.000,60.100
14754.000,14726.000,60.100
14761.000,14733.000,60.100
14764.000,14740.000,60.100
14771.000,14746.000,60.200
14779.000,14752.000,60.200
14788.000,14759.000,60.200
14799.000,14766.000,60.200
14803.000,14774.000,60.200
14799.000,14781.000,60.200
14791.000,14785.000,60.200
14786.000,14787.000,60.200
14805.000,14788.000,60.200
14801.000,14791.000,60.200
14795.000,14794.000,60.200
14791.000,14794.000,60.200
14788.000,14793.000,60.200
14782.000,14792.000,60.200
14767.000,14789.000,60.200
14742.000,14784.000,60.200
14733.000,14773.000,60.200
14725.000,14763.000,60.200
14726.000,14754.000,60.200
14716.000,14747.000,60.200
14729.000,14742.000,60.200
14736.000,14738.000,60.100
14740.000,14738.000,60.100
14734.000,14737.000,60.100
14744.000,14738.000,60.100
14760.000,14740.000,60.100
14755.000,14743.000,60.200
14744.000,14746.000,60.200
14726.000,14746.000,60.200
14729.000,14742.000,60.200
14756.000,14738.000,60.100
14747.000,14741.000,60.200
14745.000,14742.000,60.200
14763.000,14743.000,60.200
14761.000,14748.000,60.200
14772.000,14752.000,60.200
14775.000,14757.000,60.200
14775.000,14761.000,60.200
14779.000,14765.000,60.200
14785.000,14768.000,60.200
14792.000,14772.000,60.200
14802.000,14777.000,60.200
14807.000,14784.000,60.200
14819.000,14789.000,60.200
14811.000,14795.000,60.300
14815.000,14800.000,60.300
14829.000,14804.000,60.300
14826.000,14809.000,60.300
14823.000,14813.000,60.300
14833.000,14817.000,60.300
14838.000,14821.000,60.300
14837.000,14825.000,60.300
14844.000,14828.000,60.300
14853.000,14832.000,60.300
14856.000,14837.000,60.300
14853.000,14841.000,60.300
14852.000,14844.000,60.300
14857.000,14846.000,60.300
14865.000,14849.000,60.400
14875.000,14853.000,60.400
14886.000,14859.000,60.400
14892.000,14865.000,60.400
14894.000,14872.000,60.400
14909.000,14878.000,60.400
14930.000,14885.000,60.400
14937.000,14897.000,60.400
14936.000,14906.000,60.500
14933.000,14914.000,60.500
14936.000,14919.000,60.500
14932.000,14923.000,60.500
14949.000,14926.000,60.500
14958.000,14932.000,60.500
14952.000,14937.000,60.500
14974.000,14942.000,60.500
14986.000,14950.000,60.500
14985.000,14959.000,60.600
14994.000,14966.000,60.600
14995.000,14973.000,60.600
15002.000,14978.000,60.600
15017.000,14984.000,60.600
15010.000,14991.000,60.600
15010.000,14995.000,60.600
15018.000,14999.000,60.600
15018.000,15004.000,60.600
15020.000,15007.000,60.600
15021.000,15011.000,60.700
15025.000,15013.000,60.700
15026.000,15016.000,60.700
15039.000,15019.000,60.700
15039.000,15024.000,60.700
15035.000,15028.000,60.700
15045.000,15030.000,60.700
15067.000,15034.000,60.700
15069.000,15042.000,60.700
15067.000,15048.000,60.700
15077.000,15054.000,60.700
15087.000,15059.000,60.700
15087.000,15066.000,60.800
15091.000,15071.000,60.800
15079.000,15075.000,60.800
15072.000,15076.000,60.800
15080.000,15077.000,60.800
15059.000,15076.000,60.800
15062.000,15072.000,60.800
15068.000,15070.000,60.800
15057.000,15068.000,60.800
15049.000,15065.000,60.800
15064.000,15063.000,60.800
15087.000,15063.000,60.800
15075.000,15066.000,60.800
15089.000,15071.000,60.800
15107.000,15076.000,60.800
15074.000,15079.000,60.800
15056.000,15078.000,60.800
15059.000,15073.000,60.800
15058.000,15069.000,60.800
15063.000,15067.000,60.800
15072.000,15066.000,60.800
15061.000,15065.000,60.800
15075.000,15067.000,60.800
15082.000,15069.000,60.800
15079.000,15071.000,60.800
15083.000,15074.000,60.800
15089.000,15076.000,60.800
15096.000,15079.000,60.800
15090.000,15082.000,60.800
15079.000,15084.000,60.800
15091.000,15086.000,60.800
15107.000,15087.000,60.800
15115.000,15092.000,60.800
15112.000,15097.000,60.800
15103.000,15101.000,60.800
15117.000,15104.000,60.800
15124.000,15107.000,60.800
15120.000,15110.000,60.800
15125.000,15114.000,60.800
15125.000,15116.000,60.900
15138.000,15119.000,60.900
15152.000,15123.000,60.900
15160.000,15131.000,60.900
15175.000,15138.000,60.900
15172.000,15146.000,60.900
15172.000,15153.000,60.900
15178.000,15158.000,60.900
15171.000,15161.000,60.900
15171.000,15164.000,60.900
15191.000,15165.000,60.900
15197.000,15172.000,61.000
15197.000,15178.000,61.000
15214.000,15183.000,61.000
15217.000,15191.000,61.000
15218.000,15197.000,61.000
15217.000,15202.000,61.000
15215.000,15206.000,61.000
15234.000,15209.000,61.000
15253.000,15215.000,61.000
15242.000,15222.000,61.100
15233.000,15227.000,61.100
15245.000,15231.000,61.100
15251.000,15234.000,61.100
15261.000,15238.000,61.100
15268.000,15244.000,61.100
15272.000,15250.000,61.100
15277.000,15256.000,61.100
15273.000,15260.000,61.100
15269.000,15263.000,61.100
15271.000,15265.000,61.100
15273.000,15267.000,61.100
15278.000,15268.000,61.100
15288.000,15271.000,61.100
15282.000,15273.000,61.100
15301.000,15277.000,61.200
15306.000,15283.000,61.200
15313.000,15289.000,61.200
15316.000,15295.000,61.200
15312.000,15299.000,61.200
15312.000,15303.000,61.200
15320.000,15305.000,61.200
15326.000,15309.000,61.200
15317.000,15312.000,61.200
15327.000,15315.000,61.200
15335.000,15318.000,61.200
15336.000,15322.000,61.200
15340.000,15326.000,61.200
15341.000,15329.000,61.300
15347.000,15332.000,61.300
15337.000,15334.000,61.300
15343.000,15337.000,61.300
15360.000,15338.000,61.300
15356.000,15343.000,61.300
15346.000,15346.000,61.300
15355.000,15348.000,61.300
15345.000,15348.000,61.300
15347.000,15348.000,61.300
15345.000,15347.000,61.300
15335.000,15346.000,61.300
15339.000,15345.000,61.300
15355.000,15343.000,61.300
15359.000,15346.000,61.300
15365.000,15349.000,61.300
15384.000,15353.000,61.300
15399.000,15361.000,61.300
15397.000,15370.000,61.300
15400.000,15377.000,61.300
15417.000,15383.000,61.400
15417.000,15391.000,61.400
15420.000,15398.000,61.400
15421.000,15403.000,61.400
15411.000,15408.000,61.400
15436.000,15411.000,61.400
15445.000,15417.000,61.400
15440.000,15423.000,61.400
15439.000,15427.000,61.400
15445.000,15430.000,61.400
15443.000,15434.000,61.400
15441.000,15436.000,61.500
15443.000,15438.000,61.500
15443.000,15439.000,61.500
15453.000,15440.000,61.500
15454.000,15443.000,61.500
15451.000,15446.000,61.500
15456.000,15448.000,61.500
15442.000,15449.000,61.500
15430.000,15447.000,61.500
15437.000,15444.000,61.500
15442.000,15443.000,61.500
15443.000,15442.000,61.500
15448.000,15443.000,61.500
15441.000,15443.000,61.500
15456.000,15444.000,61.500
15448.000,15445.000,61.500
15441.000,15446.000,61.500
15442.000,15445.000,61.500
15451.000,15444.000,61.500
15456.000,15446.000,61.500
15473.000,15448.000,61.500
15461.000,15452.000,61.500
15447.000,15454.000,61.500
15457.000,15455.000,61.500
15461.000,15455.000,61.500
15460.000,15456.000,61.500
15460.000,15457.000,61.500
15467.000,15458.000,61.500
15474.000,15460.000,61.500
15477.000,15464.000,61.500
15474.000,15466.000,61.500
15469.000,15468.000,61.500
15469.000,15468.000,61.500
15483.000,15469.000,61.500
15476.000,15470.000,61.500
15478.000,15472.000,61.500
15481.000,15474.000,61.500
15484.000,15476.000,61.500
15485.000,15478.000,61.500
15489.000,15479.000,61.500
15492.000,15482.000,61.500
15497.000,15484.000,61.500
15492.000,15486.000,61.500
15495.000,15488.000,61.500
15508.000,15490.000,61.600
15508.000,15495.000,61.600
15516.000,15498.000,61.600
15516.000,15502.000,61.600
15526.000,15506.000,61.600
15521.000,15510.000,61.600
15541.000,15514.000,61.600
15562.000,15521.000,61.600
15555.000,15529.000,61.600
15565.000,15537.000,61.600
15574.000,15544.000,61.700
15573.000,15551.000,61.700
15585.000,15557.000,61.700
15601.000,15564.000,61.700
15586.000,15570.000,61.700
15585.000,15574.000,61.700
15583.000,15576.000,61.700
15571.000,15578.000,61.700
15573.000,15577.000,61.700
15587.000,15576.000,61.700
15592.000,15579.000,61.700
15598.000,15582.000,61.700
15600.000,15586.000,61.700
15606.000,15589.000,61.700
15604.000,15593.000,61.700
15615.000,15596.000,61.800
15615.000,15601.000,61.800
15625.000,15605.000,61.800
15634.000,15610.000,61.800
15642.000,15616.000,61.800
15632.000,15620.000,61.800
15638.000,15625.000,61.800
15662.000,15628.000,61.800
15673.000,15637.000,61.800
15677.000,15646.000,61.800
15676.000,15653.000,61.900
15672.000,15659.000,61.900
15679.000,15663.000,61.900
15683.000,15667.000,61.900
15690.000,15671.000,61.900
15703.000,15676.000,61.900
15715.000,15683.000,61.900
15707.000,15689.000,61.900
15694.000,15693.000,61.900
15684.000,15693.000,61.900
15692.000,15693.000,61.900
15675.000,15691.000,61.900
15678.000,15688.000,61.900
15678.000,15685.000,61.900
15675.000,15683.000,61.900
15685.000,15682.000,61.900
15684.000,15683.000,61.900
15689.000,15683.000,61.900
15684.000,15683.000,61.900
15697.000,15685.000,61.900
15688.000,15686.000,61.900
15679.000,15686.000,61.900
15684.000,15686.000,61.900
15697.000,15685.000,61.900
15704.000,15688.000,61.900
15717.000,15692.000,61.900
15736.000,15698.000,61.900
15728.000,15706.000,62.000
15711.000,15711.000,62.000
15715.000,15712.000,62.000
15724.000,15713.000,62.000
15740.000,15716.000,62.000
15743.000,15722.000,62.000
15746.000,15727.000,62.000
15746.000,15732.000,62.000
15754.000,15735.000,62.000
15758.000,15740.000,62.000
15753.000,15744.000,62.000
15761.000,15747.000,62.000
15785.000,15751.000,62.000
15797.000,15759.000,62.100
15808.000,15769.000,62.100
15817.000,15778.000,62.100
15813.000,15787.000,62.100
15817.000,15795.000,62.100
15811.000,15799.000,62.100
15811.000,15802.000,62.100
15813.000,15804.000,62.100
15814.000,15807.000,62.100
15807.000,15808.000,62.100
15813.000,15809.000,62.100
15826.000,15810.000,62.200
15817.000,15812.000,62.200
15832.000,15815.000,62.200
15856.000,15820.000,62.200
15858.000,15829.000,62.200
15852.000,15836.000,62.200
15836.000,15840.000,62.200
15822.000,15839.000,62.200
15821.000,15835.000,62.200
15825.000,15831.000,62.200
15830.000,15830.000,62.200
15843.000,15830.000,62.200
15862.000,15833.000,62.200
15876.000,15840.000,62.200
15881.000,15849.000,62.200
15873.000,15856.000,62.200
15874.000,15860.000,62.200
15889.000,15864.000,62.300
15878.000,15867.000,62.300
15874.000,15870.000,62.300
15874.000,15871.000,62.300
15891.000,15872.000,62.300
15885.000,15875.000,62.300
15881.000,15878.000,62.300
15888.000,15879.000,62.300
15905.000,15882.000,62.300
15913.000,15887.000,62.300
15919.000,15894.000,62.300
15924.000,15900.000,62.300
15923.000,15906.000,62.300
15927.000,15910.000,62.300
15923.000,15914.000,62.300
15918.000,15916.000,62.400
15920.000,15917.000,62.400
15921.000,15918.000,62.400
15933.000,15919.000,62.400
15945.000,15922.000,62.400
15929.000,15925.000,62.400
15915.000,15926.000,62.400
15935.000,15927.000,62.400
15939.000,15929.000,62.400
15951.000,15931.000,62.400
15969.000,15936.000,62.400
15958.000,15942.000,62.400
15947.000,15946.000,62.400
15959.000,15949.000,62.400
15969.000,15951.000,62.400
15964.000,15955.000,62.400
15966.000,15957.000,62.400
15974.000,15960.000,62.400
15984.000,15963.000,62.400
15981.000,15968.000,62.400
15998.000,15972.000,62.500
16003.000,15978.000,62.500
15999.000,15983.000,62.500
15980.000,15987.000,62.500
15989.000,15988.000,62.500
16002.000,15988.000,62.500
15998.000,15991.000,62.500
15995.000,15992.000,62.500
15996.000,15993.000,62.500
15993.000,15994.000,62.500
15981.000,15994.000,62.500
15991.000,15993.000,62.500
16000.000,15992.000,62.500
15996.000,15993.000,62.500
16001.000,15995.000,62.500
16017.000,15996.000,62.500
16028.000,16002.000,62.500
16024.000,16007.000,62.500
16020.000,16011.000,62.500
16032.000,16015.000,62.500
16032.000,16019.000,62.500
16029.000,16022.000,62.500
16019.000,16024.000,62.600
16007.000,16023.000,62.600
16011.000,16020.000,62.500
16023.000,16018.000,62.500
16028.000,16019.000,62.500
16019.000,16020.000,62.500
16012.000,16020.000,62.500
16008.000,16018.000,62.500
15999.000,16015.000,62.500
16006.000,16013.000,62.500
16009.000,16011.000,62.500
16012.000,16011.000,62.500
16020.000,16011.000,62.500
16032.000,16013.000,62.500
16036.000,16018.000,62.500
16049.000,16022.000,62.500
16038.000,16026.000,62.600
16048.000,16032.000,62.600
16069.000,16036.000,62.600
16081.000,16044.000,62.600
16073.000,16051.000,62.600
16073.000,16057.000,62.600
16073.000,16061.000,62.600
16077.000,16064.000,62.600
16091.000,16067.000,62.600
16092.000,16073.000,62.600
16080.000,16078.000,62.700
16089.000,16080.000,62.700
16084.000,16081.000,62.700
16084.000,16082.000,62.700
16081.000,16082.000,62.700
16069.000,16082.000,62.700
16057.000,16079.000,62.700
16056.000,16073.000,62.600
16055.000,16069.000,62.600
16049.000,16066.000,62.600
16065.000,16063.000,62.600
16051.000,16060.000,62.600
16041.000,16058.000,62.600
16053.000,16056.000,62.600
16050.000,16055.000,62.600
16061.000,16054.000,62.600
16057.000,16055.000,62.600
16055.000,16055.000,62.600
16066.000,16056.000,62.600
16056.000,16056.000,62.600
16061.000,16057.000,62.600
16064.000,16058.000,62.600
16066.000,16060.000,62.600
16073.000,16061.000,62.600
16088.000,16064.000,62.600
16078.000,16068.000,62.600
16086.000,16072.000,62.600
16084.000,16075.000,62.600
16095.000,16078.000,62.700
16105.000,16082.000,62.700
16113.000,16088.000,62.700
16117.000,16094.000,62.700
16111.000,16099.000,62.700
16122.000,16103.000,62.700
16139.000,16108.000,62.700
16157.000,16116.000,62.700
16170.000,16126.000,62.700
16194.000,16137.000,62.800
16195.000,16151.000,62.800
16196.000,16162.000,62.800
16218.000,16171.000,62.800
16199.000,16178.000,62.800
16194.000,16183.000,62.900
16208.000,16187.000,62.900
16211.000,16192.000,62.900
16196.000,16196.000,62.900
16189.000,16196.000,62.900
16174.000,16194.000,62.900
16179.000,16191.000,62.900
16200.000,16188.000,62.900
16183.000,16186.000,62.900
16203.000,16190.000,62.900
16222.000,16193.000,62.900
16215.000,16199.000,62.900
16210.000,16203.000,62.900
16209.000,16205.000,62.900
16211.000,16206.000,62.900
16215.000,16207.000,62.900
16214.000,16209.000,62.900
16208.000,16210.000,62.900
16209.000,16210.000,62.900
16219.000,16210.000,62.900
16223.000,16212.000,62.900
16231.000,16215.000,62.900
16231.000,16219.000,62.900
16240.000,16222.000,62.900
16265.000,16226.000,62.900
16265.000,16236.000,62.900
16262.000,16243.000,63.000
16258.000,16248.000,63.000
16264.000,16251.000,63.000
16256.000,16253.000,63.000
16258.000,16254.000,63.000
16268.000,16255.000,63.000
16269.000,16258.000,63.000
16268.000,16261.000,63.000
16272.000,16263.000,63.000
16289.000,16265.000,63.000
16296.000,16271.000,63.000
16296.000,16277.000,63.000
16299.000,16282.000,63.000
16293.000,16285.000,63.000
16284.000,16287.000,63.000
16280.000,16287.000,63.000
16296.000,16286.000,63.000
16300.000,16288.000,63.000
16303.000,16291.000,63.100
16312.000,16294.000,63.100
16296.000,16296.000,63.100
16297.000,16297.000,63.100
16301.000,16297.000,63.100
16299.000,16297.000,63.100
16309.000,16298.000,63.100
16310.000,16301.000,63.100
16303.000,16303.000,63.100
16306.000,16304.000,63.100
16304.000,16304.000,63.100
16300.000,16304.000,63.100
16293.000,16303.000,63.100
16296.000,16301.000,63.100
16294.000,16299.000,63.100
16311.000,16299.000,63.100
16328.000,16302.000,63.100
16325.000,16307.000,63.100
16324.000,16312.000,63.100
16332.000,16315.000,63.100
16349.000,16319.000,63.100
16350.000,16327.000,63.100
16365.000,16333.000,63.100
16373.000,16341.000,63.100
16381.000,16349.000,63.200
16380.000,16357.000,63.200
16373.000,16362.000,63.200
16371.000,16365.000,63.200
16387.000,16367.000,63.200
16381.000,16371.000,63.200
16382.000,16373.000,63.200
16380.000,16375.000,63.200
16383.000,16377.000,63.200
16385.000,16378.000,63.200
16377.000,16380.000,63.200
16372.000,16379.000,63.200
16391.000,16378.000,63.200
16393.000,16382.000,63.200
16411.000,16384.000,63.200
16420.000,16391.000,63.200
16414.000,16397.000,63.300
16412.000,16401.000,63.300
16423.000,16404.000,63.300
16438.000,16409.000,63.300
16446.000,16416.000,63.300
16454.000,16424.000,63.300
16446.000,16429.000,63.300
16441.000,16433.000,63.300
16442.000,16436.000,63.300
16444.000,16437.000,63.300
16452.000,16439.000,63.300
16456.000,16442.000,63.300
16458.000,16446.000,63.300
16453.000,16448.000,63.300
16458.000,16451.000,63.400
16460.000,16452.000,63.400
16450.000,16454.000,63.400
16467.000,16455.000,63.400
16490.000,16458.000,63.400
16491.000,16466.000,63.400
16500.000,16472.000,63.400
16518.000,16479.000,63.400
16516.000,16488.000,63.400
16505.000,16495.000,63.400
16514.000,16500.000,63.400
16534.000,16504.000,63.500
16549.000,16511.000,63.500
16556.000,16521.000,63.500
16572.000,16529.000,63.500
16584.000,16540.000,63.500
16599.000,16551.000,63.500
16609.000,16563.000,63.600
16612.000,16575.000,63.600
16593.000,16583.000,63.600
16600.000,16587.000,63.600
16583.000,16589.000,63.600
16587.000,16588.000,63.600
16585.000,16587.000,63.600
16571.000,16587.000,63.600
16565.000,16583.000,63.600
16560.000,16578.000,63.600
16570.000,16575.000,63.600
16583.000,16574.000,63.600
16575.000,16574.000,63.600
16574.000,16574.000,63.600
16592.000,16574.000,63.600
16600.000,16579.000,63.600
16606.000,16584.000,63.600
16603.000,16589.000,63.600
16601.000,16592.000,63.600
16606.000,16595.000,63.600
16612.000,16598.000,63.600
16610.000,16601.000,63.600
16600.000,16603.000,63.600
16625.000,16605.000,63.600
16629.000,16610.000,63.600
16622.000,16614.000,63.700
16631.000,16617.000,63.700
16649.000,16621.000,63.700
16637.000,16625.000,63.700
16656.000,16631.000,63.700
16669.000,16637.000,63.700
16669.000,16645.000,63.700
16683.000,16651.000,63.700
16701.000,16659.000,63.700
16702.000,16670.000,63.800
16706.000,16678.000,63.800
16693.000,16684.000,63.800
16693.000,16686.000,63.800
16702.000,16688.000,63.800
16711.000,16691.000,63.800
16703.000,16694.000,63.800
16710.000,16698.000,63.800
16721.000,16701.000,63.800
16726.000,16706.000,63.800
16738.000,16711.000,63.800
16732.000,16716.000,63.800
16734.000,16721.000,63.900
16738.000,16724.000,63.900
16740.000,16728.000,63.900
16746.000,16731.000,63.900
16766.000,16734.000,63.900
16764.000,16742.000,63.900
16752.000,16747.000,63.900
16765.000,16752.000,63.900
16775.000,16755.000,63.900
16783.000,16760.000,63.900
16782.000,16765.000,63.900
16788.000,16770.000,63.900
16803.000,16774.000,64.000
16804.000,16782.000,64.000
16789.000,16787.000,64.000
16788.000,16787.000,64.000
16793.000,16788.000,64.000
16786.000,16788.000,64.000
16791.000,16789.000,64.000
16795.000,16789.000,64.000
16787.000,16790.000,64.000
16771.000,16789.000,64.000
16771.000,16785.000,64.000
16783.000,16781.000,64.000
16776.000,16780.000,64.000
16783.000,16781.000,64.000
16778.000,16780.000,64.000
16769.000,16779.000,64.000
16755.000,16777.000,64.000
16761.000,16773.000,64.000
16771.000,16770.000,63.900
16757.000,16768.000,63.900
16746.000,16765.000,63.900
16756.000,16763.000,63.900
16774.000,16761.000,63.900
16773.000,16764.000,63.900
16775.000,16767.000,63.900
16787.000,16769.000,63.900
16795.000,16773.000,64.000
16806.000,16779.000,64.000
16813.000,16786.000,64.000
16816.000,16792.000,64.000
16828.000,16798.000,64.000
16837.000,16806.000,64.000
16840.000,16814.000,64.000
16832.000,16819.000,64.000
16828.000,16823.000,64.000
16836.000,16825.000,64.100
16844.000,16828.000,64.100
16847.000,16832.000,64.100
16834.000,16835.000,64.100
16849.000,16838.000,64.100
16866.000,16841.000,64.100
16864.000,16846.000,64.100
16859.000,16851.000,64.100
16863.000,16854.000,64.100
16863.000,16856.000,64.100
16857.000,16858.000,64.100
16857.000,16858.000,64.100
16866.000,16857.000,64.100
16863.000,16859.000,64.100
16868.000,16861.000,64.100
16876.000,16862.000,64.100
16889.000,16866.000,64.100
16906.000,16872.000,64.100
16912.000,16880.000,64.200
16930.000,16888.000,64.200
16945.000,16899.000,64.200
16935.000,16908.000,64.200
16944.000,16917.000,64.200
16945.000,16924.000,64.200
16952.000,16929.000,64.200
16962.000,16935.000,64.300
16956.000,16940.000,64.300
16970.000,16946.000,64.300
16983.000,16952.000,64.300
16989.000,16959.000,64.300
16982.000,16965.000,64.300
16987.000,16971.000,64.300
16994.000,16975.000,64.300
17014.000,16980.000,64.300
17021.000,16988.000,64.400
17014.000,16995.000,64.400
17011.000,16999.000,64.400
17014.000,17003.000,64.400
17024.000,17006.000,64.400
17022.000,17010.000,64.400
17014.000,17013.000,64.400
17003.000,17013.000,64.400
17001.000,17011.000,64.400
17010.000,17009.000,64.400
17006.000,17008.000,64.400
16994.000,17008.000,64.400
17007.000,17007.000,64.400
17009.000,17007.000,64.400
17013.000,17008.000,64.400
17014.000,17009.000,64.400
17013.000,17010.000,64.400
17024.000,17011.000,64.400
17014.000,17012.000,64.400
17021.000,17014.000,64.400
17039.000,17016.000,64.400
17025.000,17018.000,64.400
17014.000,17020.000,64.400
17025.000,17021.000,64.400
17034.000,17022.000,64.400
17040.000,17025.000,64.400
17037.000,17028.000,64.400
17042.000,17031.000,64.400
17047.000,17034.000,64.400
17055.000,17037.000,64.400
17063.000,17042.000,64.500
17059.000,17046.000,64.500
17061.000,17050.000,64.500
17062.000,17053.000,64.500
17071.000,17055.000,64.500
17072.000,17059.000,64.500
17076.000,17062.000,64.500
17091.000,17066.000,64.500
17104.000,17072.000,64.500
17097.000,17078.000,64.500
17108.000,17085.000,64.500
17125.000,17091.000,64.500
17136.000,17099.000,64.600
17136.000,17108.000,64.600
17136.000,17115.000,64.600
17147.000,17120.000,64.600
17140.000,17125.000,64.600
17146.000,17130.000,64.600
17165.000,17134.000,64.600
17168.000,17142.000,64.600
17155.000,17148.000,64.700
17154.000,17150.000,64.700
17152.000,17151.000,64.700
17149.000,17151.000,64.700
17154.000,17151.000,64.700
17156.000,17152.000,64.700
17164.000,17153.000,64.700
17166.000,17156.000,64.700
17170.000,17158.000,64.700
17179.000,17161.000,64.700
17186.000,17166.000,64.700
17162.000,17169.000,64.700
17152.000,17167.000,64.700
17152.000,17163.000,64.700
17145.000,17161.000,64.700
17149.000,17158.000,64.700
17156.000,17156.000,64.700
17160.000,17156.000,64.700
17165.000,17157.000,64.700
17172.000,17159.000,64.700
17181.000,17162.000,64.700
17189.000,17167.000,64.700
17185.000,17171.000,64.700
17186.000,17175.000,64.700
17184.000,17178.000,64.700
17177.000,17179.000,64.700
17168.000,17179.000,64.700
17191.000,17178.000,64.700
17199.000,17181.000,64.700
17213.000,17186.000,64.700
17221.000,17193.000,64.700
17232.000,17200.000,64.800
17250.000,17208.000,64.800
17259.000,17218.000,64.800
17273.000,17228.000,64.800
17272.000,17239.000,64.800
17280.000,17248.000,64.800
17287.000,17256.000,64.900
17290.000,17264.000,64.900
17288.000,17270.000,64.900
17310.000,17275.000,64.900
17312.000,17284.000,64.900
17310.000,17290.000,64.900
17317.000,17296.000,64.900
17309.000,17299.000,64.900
17304.000,17302.000,64.900
17327.000,17304.000,64.900
17345.000,17309.000,65.000
17345.000,17318.000,65.000
17357.000,17325.000,65.000
17357.000,17333.000,65.000
17345.000,17339.000,65.000
17340.000,17340.000,65.000
17342.000,17341.000,65.000
17353.000,17341.000,65.000
17366.000,17344.000,65.000
17358.000,17348.000,65.000
17363.000,17351.000,65.000
17365.000,17354.000,65.000
17352.000,17356.000,65.000
17350.000,17355.000,65.000
17360.000,17355.000,65.000
17369.000,17356.000,65.000
17361.000,17357.000,65.000
17357.000,17358.000,65.000
17361.000,17359.000,65.100
17372.000,17359.000,65.100
17371.000,17362.000,65.100
17377.000,17365.000,65.100
17367.000,17366.000,65.100
17367.000,17366.000,65.100
17381.000,17367.000,65.100
17380.000,17370.000,65.100
17381.000,17373.000,65.100
17388.000,17375.000,65.100
17395.000,17378.000,65.100
17379.000,17381.000,65.100
17383.000,17381.000,65.100
17383.000,17382.000,65.100
17389.000,17382.000,65.100
17419.000,17384.000,65.100
17420.000,17393.000,65.100
17423.000,17399.000,65.100
17432.000,17405.000,65.100
17429.000,17411.000,65.100
17425.000,17416.000,65.200
17437.000,17419.000,65.200
17453.000,17424.000,65.200
17473.000,17431.000,65.200
17459.000,17438.000,65.200
17459.000,17443.000,65.200
